#{"t_start": 1787090821.246969, "env_id": "LunarLander-v3"}
r,l,t
-55.510834,104,0.190202
-143.268837,74,0.289663
-138.728394,86,0.400337
-114.221178,77,0.500629
-178.564228,123,0.661874
-92.945377,70,0.750506
-124.532942,68,0.83965
-83.800822,96,0.966196
-299.717866,114,1.121304
-79.144377,73,1.223456
-122.905502,90,1.350441
-61.016022,90,1.470744
-103.055615,129,1.629088
-82.236864,66,1.723829
-125.010311,67,1.804374
-123.61437,60,1.86521
-79.83808,68,1.945097
-333.354496,102,2.073605
-165.875406,101,2.196722
-415.011858,103,2.318754
-415.472682,79,2.403215
-111.161397,57,2.480677
-249.329025,131,2.634221
-206.431247,102,2.751203
-396.263024,98,2.862352
-259.843946,75,2.95456
-223.827022,90,3.058694
-272.690421,70,3.151801
-121.851158,108,3.281381
-82.440018,69,3.32275
-305.516908,140,3.4339
-91.575798,61,3.516371
-162.909147,87,3.608795
-252.471767,107,3.685004
-126.397143,105,3.774675
-281.032693,95,3.895464
-183.477109,111,3.996244
-106.806115,61,4.039977
-113.067341,114,4.116814
-286.322395,116,4.239096
-305.457126,122,4.390614
-90.856026,80,4.483783
-359.17123,96,4.598431
-272.097874,104,4.716141
-261.665414,105,10.445544
-55.375293,65,10.529414
-127.828801,93,10.653685
-192.469818,112,10.79947
-116.878861,101,10.924134
-233.453322,127,11.073286
-128.236685,72,11.157695
8.436337,114,11.247754
-87.651331,73,11.295207
-77.905395,64,11.349436
-133.939365,106,11.47465
-127.954448,113,11.607051
-109.179527,77,11.69997
-85.320985,115,11.841373
-64.295827,115,11.931959
-97.560551,110,12.011381
-279.301403,96,12.084394
-143.723857,77,12.139777
-127.559898,99,12.212166
-161.502697,78,12.273401
-217.036243,105,12.350501
-83.316263,74,12.42356
-79.771566,78,12.534509
-103.274092,72,12.621074
-116.491896,72,12.709894
-2.303828,71,12.797289
-135.240085,77,12.880059
-122.749643,79,12.9911
-139.053576,73,13.079072
-331.091128,101,13.199318
-95.363479,62,13.258753
-131.775518,108,13.401721
13.741775,114,13.538946
-115.40237,66,13.60719
-77.936026,71,13.698464
-166.458075,67,13.765674
-174.413984,106,13.90205
-140.542359,118,14.039613
-172.082699,65,14.119268
-191.920453,99,14.224685
-170.192585,80,14.330584
-119.8329,70,14.414002
-112.970742,67,14.492698
-148.166901,109,14.62319
-88.245954,80,14.71737
-272.7647,62,14.791509
-214.03179,115,20.60106
-291.635673,118,20.76169
-86.947213,89,20.871773
-73.208092,66,20.956876
-112.272491,65,21.037719
-48.167162,123,21.190762
-98.475477,69,21.275866
-323.673625,94,21.391949
-73.564771,89,21.503383
-165.004088,91,21.61638
-143.859509,93,21.735439
-70.920951,61,21.810031
-104.591546,82,21.91263
-161.716245,113,22.050828
-153.307818,112,22.182749
-109.286678,80,22.319323
-140.797014,77,22.372058
-273.98802,91,22.447077
-133.996966,93,22.512241
-254.113871,108,22.576748
-330.927472,106,22.657246
-88.578818,132,22.797616
-173.639189,103,22.910702
-173.405325,123,23.06751
-226.465009,125,23.21615
-86.919023,81,23.312876
-68.361903,109,23.440776
-84.129298,84,23.541288
-112.077038,91,23.650162
-172.838137,104,23.774508
-106.493217,78,23.864584
-117.704494,92,23.974662
-96.160505,108,24.100132
-280.887308,94,24.210687
-162.821248,77,24.30338
-216.193632,106,24.425794
-105.779185,97,24.540716
-93.264715,91,24.633859
-60.917041,69,24.69442
-92.918581,88,24.796576
-213.027746,115,24.932065
-109.544242,134,25.085917
-112.364336,92,25.200426
-147.822951,113,30.933699
-296.54029,123,31.083658
-109.368102,107,31.20965
-33.859559,84,31.262008
-163.195853,93,31.317982
-104.095218,70,31.363642
-121.974495,101,31.498679
-10.904495,99,31.585396
-61.108205,110,31.65834
-101.452657,141,31.806421
-119.085194,90,31.918848
-196.738643,104,32.039236
-141.222842,129,32.184956
-185.391233,108,32.322748
-228.695876,93,32.435197
-145.989537,124,32.603648
-130.951498,95,32.731052
-62.195921,143,32.920342
-139.463799,85,33.023183
5.672188,133,33.181347
-102.538744,86,33.283016
-71.847838,122,33.403164
-89.351051,104,33.467159
-123.799447,87,33.562132
-132.449509,78,33.656871
-147.142428,157,33.840407
-85.023051,132,33.9896
-164.845502,89,34.092334
-76.505542,76,34.181819
-113.867474,80,34.276378
-96.134157,102,34.397374
-124.416073,84,34.494257
-321.438189,115,34.620765
-144.772668,117,34.763394
-104.210177,73,34.853842
-98.203796,86,34.956716
-181.530238,127,35.105222
-264.004537,86,35.20578
-149.927954,137,35.331256
-93.466359,79,40.967669
-95.225056,125,41.120979
-258.818177,101,41.242172
-64.038944,76,41.33109
-79.312335,75,41.420268
-141.374325,113,41.554366
-46.22037,80,41.649213
-51.532663,74,41.736253
-78.300507,84,41.835671
-88.787811,115,41.970299
-93.500719,133,42.121251
-112.183146,113,42.254608
-41.484577,125,42.400785
-118.430802,106,42.530742
-128.157952,126,42.679744
-85.147466,91,42.780617
-14.100262,131,42.941682
-77.305022,105,43.063629
-130.821461,112,43.200554
-235.037578,152,43.377005
-106.301231,107,43.502412
-81.147086,69,43.585353
-181.094597,99,43.703078
-154.502491,144,43.87163
-44.302098,121,44.014385
-103.468312,111,44.142922
-77.868247,103,44.264171
-98.526308,84,44.360751
-97.417327,105,44.471257
-69.618218,91,44.590045
-78.786552,127,44.744854
-133.970667,103,44.866782
-75.908481,74,44.954051
-94.424835,88,45.059029
-112.750434,86,45.153697
-130.489005,108,45.286468
-44.223625,96,45.388717
-77.545651,87,45.505082
-76.404928,77,45.595269
-92.880359,126,45.740754
-81.224982,112,51.429428
-79.79296,103,51.554336
-66.047784,112,51.680981
-75.885749,83,51.785937
-82.852611,74,51.874878
-44.483326,145,52.046692
-126.041786,93,52.157233
-70.001418,92,52.267241
-95.355449,114,52.392707
-98.081305,155,52.584177
-61.0616,146,52.754367
-115.10918,143,52.920365
-135.927542,106,53.040999
-55.260386,169,53.23121
0.079297,104,53.367288
-35.160564,114,53.485446
-88.829541,112,53.624509
-62.043586,119,53.764334
-64.774357,108,53.892228
-57.846917,147,54.06406
14.834379,93,54.174649
-60.750307,129,54.326307
-71.097306,99,54.442086
-59.234252,120,54.58761
-92.510748,80,54.681842
-50.620701,83,54.766113
-63.832112,75,54.87185
-101.955942,118,55.012362
-137.941587,96,55.127916
-82.586336,111,55.265122
-20.092763,109,55.385967
-130.45558,111,55.531409
-88.392454,103,55.660062
-31.382122,88,55.76528
-117.434907,82,55.861254
-125.092864,123,56.012373
-115.37381,105,56.136792
-124.198305,121,61.818647
-125.146109,165,62.030865
-49.667216,132,62.188417
-21.179047,102,62.307062
-46.08349,74,62.39748
-92.742496,108,62.523503
-36.568743,94,62.632556
-200.120641,163,62.823932
-21.006487,95,62.893088
-65.246379,134,62.97422
-79.650575,155,63.079457
25.992781,145,63.176415
-49.82108,81,63.226214
-84.905861,137,63.376029
-117.752292,110,63.494929
-69.441915,113,63.66828
-68.73596,80,63.778553
-11.869066,134,63.938777
-29.098322,143,64.111598
-65.42892,97,64.221963
-40.4426,93,64.334182
-36.284524,112,64.46681
-53.411731,89,64.569547
-33.643481,134,64.7278
-192.307821,198,64.964349
-169.031713,197,65.178644
-134.709073,136,65.321494
-69.551487,117,65.459647
-98.005167,120,65.597988
-262.920969,204,65.835023
-258.929567,172,66.049468
-48.574371,124,66.194287
-99.672035,157,72.107707
-19.786402,74,72.201674
-74.084604,111,72.336464
-50.291039,143,72.507554
-61.59058,93,72.614446
-116.50546,149,72.788035
-77.357737,133,72.93356
106.14906,1000,74.022741
-20.93123,89,74.146863
-74.481418,114,74.303612
-6.127789,151,74.424197
-89.812347,132,74.525265
-186.117346,124,74.606068
-117.538429,108,74.686726
-101.683817,75,74.740609
-43.203168,108,74.813223
70.748173,1000,76.086368
-117.460302,134,76.245421
-66.931507,127,76.416902
-58.302029,96,76.54928
-34.478064,70,82.090864
-63.634687,140,82.212098
-27.703587,125,82.361278
0.44738,159,82.548992
-59.182255,116,82.684944
-27.813763,180,82.895763
-54.257982,117,83.033325
-38.90053,130,83.181624
-81.101369,159,83.377653
-21.54642,142,83.543293
-64.392913,156,83.717135
-17.50755,116,83.863719
-64.620147,133,84.017778
-52.517265,108,84.147845
-75.622002,145,84.267752
8.180553,122,84.346886
-58.278201,126,84.486867
-45.841482,110,84.614773
-26.928299,124,84.757123
-29.519154,148,84.932816
-29.352257,156,85.08893
-10.227978,187,85.323251
-37.554175,94,85.43439
-36.352119,106,85.562965
-43.296043,147,85.731612
-37.988878,100,85.849871
-54.320683,95,85.96069
-46.653949,128,86.073188
-3.963876,114,86.149672
-31.397731,132,86.262487
-113.943767,132,86.418355
-19.847234,123,86.562195
-39.738644,186,92.35615
-13.901005,140,92.494868
-27.561345,173,92.689353
-40.549429,134,92.849878
-41.603885,164,93.056975
-1.749695,102,93.191601
-88.850083,155,93.397439
-31.483942,159,93.560277
-5.472992,180,93.715769
-92.683914,190,93.929789
-3.29484,111,93.987377
-10.234096,125,94.135289
-26.479737,129,94.286809
-34.053182,90,94.395486
-20.263641,152,94.575438
-51.675492,129,94.725207
-12.039747,132,94.882737
21.409468,118,95.019958
-31.91711,93,95.130332
59.127035,1000,96.01705
-54.323863,135,96.177325
-46.460714,145,96.347353
-69.355558,128,96.496419
13.895503,105,102.168763
1.173988,184,102.392492
-7.384257,144,102.552329
-7.692523,134,102.719985
36.658172,177,102.924913
-2.874632,165,103.119032
-17.950592,150,103.333725
26.379453,170,103.531422
-4.998168,138,103.706747
-21.723304,112,103.83811
-16.272281,119,103.972491
14.567085,140,104.144511
111.600591,1000,104.963112
-18.335714,88,105.014762
-23.617844,152,105.11019
-68.993549,143,105.236615
-30.408096,137,105.396484
-14.237943,127,105.555142
-85.228725,140,105.726463
-36.142924,151,105.918335
-48.396945,126,106.081002
-21.114191,154,106.243623
93.862461,1000,113.153277
-87.088475,179,113.366889
-53.079409,141,113.533564
24.685645,147,113.70482
-4.098919,156,113.888558
33.008344,203,114.126939
31.830308,213,114.377894
-20.914494,166,114.532236
15.027859,144,114.701962
-44.311957,185,114.926621
-25.078053,150,115.098218
11.881809,141,115.269702
-79.660635,186,115.479072
14.563976,118,115.633379
2.962571,184,115.84587
-116.596399,161,116.040561
6.9999,123,116.182794
-17.887162,149,116.303269
-90.810726,149,116.40193
8.410056,125,116.522223
16.209066,134,116.681808
2.160188,140,122.429767
-11.406251,137,122.606042
-1.940059,160,122.797139
-53.678555,151,122.974694
26.978041,197,123.205805
-19.059645,186,123.419338
-20.684182,175,123.62432
-57.994189,171,123.812288
-50.673267,158,124.013222
6.346932,159,124.199598
-26.77148,164,124.379466
8.892154,153,124.569094
-54.640329,148,124.742562
-12.882283,122,124.886395
3.813134,135,125.045479
-62.759632,191,125.268761
-40.19062,185,125.494361
-55.27391,164,125.689395
-111.067731,212,125.937546
23.5342,143,126.109991
-33.251261,171,126.308714
9.786348,125,126.452868
-11.225382,145,126.593786
2.677528,173,126.736235
9.082752,134,126.898077
16.360543,142,127.052813
97.91891,1000,133.575994
-3.870975,183,133.787373
19.702986,138,133.951838
22.17975,145,134.120981
19.256206,152,134.291307
2.015947,183,134.510806
-17.116026,170,134.709884
4.641316,146,134.882052
-12.923131,149,135.052201
5.430732,124,135.202202
-19.535885,153,135.381952
13.070489,121,135.524729
13.388542,156,135.714548
50.121624,141,135.881098
12.232068,151,136.054709
15.757094,173,136.26195
19.444505,158,136.438325
31.297892,170,136.54733
-2.339106,141,136.68022
241.599398,262,136.988349
274.57196,328,142.533784
-24.431754,170,142.667911
-68.846508,168,142.870108
-32.006797,142,143.039597
-47.31457,173,143.18062
-80.790386,166,143.376589
-10.092077,160,143.562153
20.896138,140,143.726672
16.195216,140,143.880209
239.070263,266,144.20778
-38.000032,175,144.41235
13.430103,127,144.55623
15.301234,144,144.727816
-80.950115,167,144.924372
30.108264,180,145.13361
8.310688,153,145.312002
-36.466405,140,145.475268
36.614019,146,145.654268
-14.809662,202,145.82514
12.052998,173,145.973506
4.129162,193,146.173357
-13.648214,157,146.341107
-13.24073,151,146.531429
1.530589,131,146.625808
41.724022,154,146.729052
-220.75285,275,152.46814
21.108827,156,152.649801
-36.427131,142,152.81865
18.440144,147,152.992237
-15.420012,188,153.213284
-61.396875,183,153.428848
-5.920277,137,153.614328
-54.290649,160,153.835921
9.24784,116,153.996402
-30.554373,167,154.200948
14.843699,174,154.403805
-19.375701,153,154.581398
-8.925248,166,154.775537
30.441516,150,154.953033
4.639097,174,155.15455
17.441206,148,155.328253
13.489279,170,155.527449
217.107186,282,155.853614
14.472651,169,156.060081
0.120031,165,156.253313
8.728331,103,156.371693
14.847093,164,156.562761
-20.091844,142,156.7108
3.432091,176,156.81995
2.402943,166,162.206789
0.592879,129,162.364645
27.722691,174,162.568819
30.456343,148,162.746443
-32.395277,176,162.95208
34.587586,146,163.123275
-10.716048,149,163.218056
-43.645749,158,163.322139
-1.272027,132,163.409174
24.724686,140,163.499495
-34.388462,146,163.595787
14.003324,134,163.68059
-17.853377,175,163.839
24.623582,125,163.983083
48.371125,139,164.151938
21.867721,123,164.298563
22.973096,126,164.446726
5.939776,170,164.62957
8.009186,139,164.805118
-13.433355,151,164.982718
13.543207,158,165.170846
-1.088922,149,165.344318
14.568419,162,165.531796
-31.170058,171,165.734993
8.114116,163,165.924052
6.173292,103,166.034455
-66.107857,161,166.241109
-11.916913,175,166.454157
52.503267,134,172.790491
23.224767,171,173.000599
37.872585,135,173.094635
253.601971,345,173.492156
4.551909,149,173.712178
20.891169,175,173.956631
25.244479,174,174.197307
31.995378,131,174.304065
-41.771065,217,174.570085
-33.315377,174,174.775664
124.15111,1000,175.947019
189.018696,397,176.498978
21.287267,141,176.727816
3.19059,176,176.967762
2.793291,208,177.185908
7.117861,143,177.366427
1.428047,157,177.551755
33.397648,204,183.944447
34.103808,164,184.165975
-8.635715,181,184.447871
17.177984,167,184.682557
0.252206,195,184.942669
25.309961,155,185.128846
1.795306,122,185.2695
-9.41078,151,185.375526
36.756425,169,185.593515
17.204428,143,185.84705
29.734917,154,186.057521
8.602092,187,186.251
-12.285045,159,186.445818
14.188398,174,186.667842
-2.304213,133,186.831019
41.15345,172,187.022319
0.815,190,187.317158
44.865317,195,187.589475
26.496518,202,187.867691
-3.291528,174,188.083173
17.551761,182,188.29446
3.270085,189,188.536119
35.573675,181,188.785105
269.680412,299,195.331805
49.348809,146,195.473772
228.959977,323,195.908554
257.487868,407,196.320522
-34.594824,138,196.507879
6.85776,184,196.799271
224.823149,355,197.278222
20.546064,151,197.469251
248.063055,341,197.889396
10.998887,174,198.124644
-35.65968,187,198.404397
9.60889,193,198.684255
230.023495,550,199.34271
282.844911,351,199.66689
254.934322,322,199.898479
248.235485,281,205.325381
215.808105,299,205.685865
288.421975,360,206.114204
-13.243905,221,206.372808
5.129717,203,206.606167
246.199663,351,207.025301
-176.662858,467,207.335152
53.566212,167,207.446316
280.672636,321,207.760388
24.914157,170,207.963218
206.364004,392,208.426114
239.998571,296,208.791076
236.189325,275,209.144192
15.260895,185,209.352602
-104.008874,523,215.515575
228.515964,299,215.787475
236.651429,540,216.446723
184.236773,463,216.980362
254.769488,632,217.731273
-20.64764,274,218.057713
247.223455,348,218.46051
266.952707,428,218.964159
242.379632,263,219.26721
14.727318,193,219.489175
225.332385,261,219.816828
5.8364,191,225.180556
230.107129,365,225.607108
203.287708,312,225.994373
5.417981,259,226.294882
259.805281,362,226.723423
276.25563,298,227.0742
253.955852,314,227.444253
-200.89765,488,228.015999
206.972766,338,228.411952
225.761336,345,228.812305
251.218663,308,229.17526
256.000395,318,229.545152
252.72257,356,229.95372
166.86423,728,235.899771
241.161529,301,236.253798
242.585451,284,236.583767
249.460592,415,237.081558
245.738454,446,237.606543
254.23344,360,237.953799
279.47655,277,238.130873
264.063668,308,238.319598
210.739989,327,238.539164
259.279358,339,238.768553
253.937651,292,239.057756
216.617593,294,244.680706
205.855061,364,245.106112
262.676495,292,245.446542
259.328749,281,245.773891
251.317971,252,246.08285
245.312627,286,246.418775
219.512362,282,246.753267
220.537974,389,247.216938
220.637811,310,247.582018
242.516383,263,247.880699
253.103868,314,248.247872
283.826814,349,248.65397
274.714003,307,249.012668
51.932319,203,254.654165
240.261162,383,255.11416
234.906233,273,255.420587
242.883005,276,255.75334
192.813254,616,256.490254
268.92193,279,256.813666
248.345697,278,257.018834
19.41139,197,257.211385
245.609852,294,257.558662
271.979677,692,258.378385
253.886295,269,258.694198
274.406595,304,259.053317
277.621841,446,264.826613
178.894377,583,265.525796
215.105883,324,265.842017
12.210048,142,265.968591
-189.575759,369,266.414246
224.822624,254,266.698568
251.03143,295,266.975891
176.722563,945,268.10276
242.564334,329,268.492954
226.847359,312,268.854093
225.526612,308,274.342268
234.630695,362,274.790311
169.816691,581,275.541629
9.429192,288,275.883065
264.320123,311,276.255891
234.06627,274,276.576527
285.057397,282,276.895111
220.016112,263,277.220801
270.784063,237,277.464137
243.114027,335,277.858373
39.444407,237,278.137406
-50.165992,269,278.454931
263.892823,334,278.84402
260.822607,357,284.51414
262.906833,351,284.93014
226.908988,367,285.284256
241.86291,291,285.565357
285.240072,379,286.018314
248.494003,249,286.287025
289.456256,381,286.624578
257.939717,295,286.818804
234.726309,296,287.011445
258.769389,321,287.221043
216.307488,294,287.423903
257.305206,278,287.763509
231.808205,285,288.096418
249.431817,292,293.658444
268.072582,236,293.945229
273.696776,383,294.397539
243.402372,260,294.702792
272.776879,300,295.0461
272.780074,332,295.448256
263.447749,285,295.772363
220.512902,278,296.110268
-22.011817,173,296.313421
240.094971,270,296.632
43.182229,203,296.869433
277.409169,306,297.227007
176.897725,946,298.352585
14.819042,215,303.729381
244.184587,293,304.080279
228.622487,759,305.019049
278.626502,296,305.242109
261.470533,310,305.599494
23.127141,1000,306.801575
271.423958,291,307.146179
261.541877,302,307.500437
260.498731,310,307.859603
240.590906,377,308.307162
248.189086,351,314.058871
240.98369,348,314.407768
275.602931,328,314.6312
214.831499,307,314.851083
232.400483,344,315.261676
244.621944,346,315.652798
259.779064,287,315.994173
30.25577,240,316.205498
272.372765,325,316.414537
281.37436,320,316.63566
261.740809,326,317.008902
253.136509,326,317.391666
213.399786,336,322.790788
227.118314,286,323.133046
248.617183,327,323.528639
279.003254,424,324.034188
252.580856,271,324.353112
212.538934,290,324.63095
276.514468,316,324.851552
249.901028,302,325.206505
248.957714,294,325.54547
273.092397,348,325.962462
-14.76472,182,326.164142
271.447918,284,326.433111
229.158274,281,326.762001
-17.330684,220,327.023302
271.341406,314,332.738949
-117.801431,497,333.275664
276.743968,280,333.601076
268.119395,269,333.914845
265.522221,272,334.121456
218.629458,291,334.300624
248.289795,279,334.489546
260.796694,332,334.710464
270.255395,304,334.923612
250.571613,277,335.255328
260.797799,304,335.661829
227.616904,311,336.056127
209.45651,351,336.477828
262.368249,297,342.43205
20.03613,219,342.695951
287.754449,322,343.075187
287.522537,295,343.27905
278.933389,286,343.614115
271.10312,508,344.217777
221.031894,262,344.524861
214.849651,310,344.888345
258.289847,274,345.210198
269.455032,260,345.514926
258.292007,281,345.822973
254.925949,333,346.191319
245.121958,266,346.49916
285.082245,260,346.770522
177.310601,442,352.494691
258.234403,254,352.792476
30.515121,238,353.069215
279.256082,269,353.377221
249.384145,283,353.719062
241.039708,294,354.06344
294.36213,330,354.45259
259.260899,274,354.773906
5.00899,200,355.004325
245.712588,238,355.283033
269.055885,255,355.575322
237.082223,328,355.95276
279.340853,296,356.331396
288.94378,285,356.676163
231.390376,273,362.329576
2.040982,219,362.535912
291.458291,296,362.838969
276.475497,287,363.185349
252.131016,282,363.435123
220.122599,249,363.724218
290.261539,245,364.007312
264.344791,348,364.421586
291.600324,262,364.728617
225.382442,279,365.055314
264.329441,258,365.357476
284.247593,282,365.688033
256.865048,244,365.974205
294.144951,360,366.249309
264.001108,286,366.448934
