run_name,algorithm,parameter,value,seed,total_timesteps,learning_rate,gamma,exploration_fraction,exploration_final_eps,buffer_size,learning_starts,batch_size,target_update_interval,train_freq,gradient_steps,net_arch,mean_reward,std_reward,success_rate,crash_rate,mean_episode_length,mean_fuel_proxy,mean_final_distance_to_pad,mean_abs_angle,mean_speed,model_path,n_steps,n_epochs,clip_range,ent_coef,gae_lambda
sens_dqn_learning_rate_5em05_seed_42,DQN,learning_rate,5e-05,42,50000,5e-05,0.99,0.2,0.01,100000.0,1000.0,128,1000.0,4.0,1.0,"[128, 128]",-98.31097712676444,75.79733196289357,0.0,0.545,780.9,480.6,0.7234640397503972,0.042445181482257094,0.1545404365681026,C:\Users\marta\OneDrive\Desktop\python\lunar_lander\models\sens_dqn_learning_rate_5em05_seed_42.zip,,,,,
sens_dqn_learning_rate_5em05_seed_123,DQN,learning_rate,5e-05,123,50000,5e-05,0.99,0.2,0.01,100000.0,1000.0,128,1000.0,4.0,1.0,"[128, 128]",-90.36072878559551,69.45064688928822,0.0,0.47,409.875,312.435,0.9229112716019153,0.03245727549692162,0.39384651752746175,C:\Users\marta\OneDrive\Desktop\python\lunar_lander\models\sens_dqn_learning_rate_5em05_seed_123.zip,,,,,
sens_dqn_learning_rate_0p0001_seed_42,DQN,learning_rate,0.0001,42,50000,0.0001,0.99,0.2,0.01,100000.0,1000.0,128,1000.0,4.0,1.0,"[128, 128]",132.92559712750594,108.72057221161874,0.3,0.065,707.685,428.685,0.218212832287536,0.05415690556567485,0.15570595299350556,C:\Users\marta\OneDrive\Desktop\python\lunar_lander\models\sens_dqn_learning_rate_0p0001_seed_42.zip,,,,,
sens_dqn_learning_rate_0p0001_seed_123,DQN,learning_rate,0.0001,123,50000,0.0001,0.99,0.2,0.01,100000.0,1000.0,128,1000.0,4.0,1.0,"[128, 128]",-127.47673343395113,66.42180421405801,0.0,0.54,756.08,493.835,0.9651117417216301,0.026909036751288484,0.2699083677318963,C:\Users\marta\OneDrive\Desktop\python\lunar_lander\models\sens_dqn_learning_rate_0p0001_seed_123.zip,,,,,
sens_dqn_learning_rate_0p0002_seed_42,DQN,learning_rate,0.0002,42,50000,0.0002,0.99,0.2,0.01,100000.0,1000.0,128,1000.0,4.0,1.0,"[128, 128]",-4.275125499364562,54.60593794840321,0.03,0.005,973.32,602.205,0.16382733622798695,0.09258387652934165,0.23736429792092728,C:\Users\marta\OneDrive\Desktop\python\lunar_lander\models\sens_dqn_learning_rate_0p0002_seed_42.zip,,,,,
sens_dqn_learning_rate_0p0002_seed_123,DQN,learning_rate,0.0002,123,50000,0.0002,0.99,0.2,0.01,100000.0,1000.0,128,1000.0,4.0,1.0,"[128, 128]",80.94794006353165,105.80393307611594,0.145,0.01,612.53,488.58,0.23649115730077028,0.08187195709273834,0.2828645592653314,C:\Users\marta\OneDrive\Desktop\python\lunar_lander\models\sens_dqn_learning_rate_0p0002_seed_123.zip,,,,,
sens_dqn_gamma_0p98_seed_42,DQN,gamma,0.98,42,50000,0.0001,0.98,0.2,0.01,100000.0,1000.0,128,1000.0,4.0,1.0,"[128, 128]",0.30847883191255365,98.49352794690658,0.06,0.105,942.66,591.145,0.3486307966057211,0.08314353866213281,0.1976469715249653,C:\Users\marta\OneDrive\Desktop\python\lunar_lander\models\sens_dqn_gamma_0p98_seed_42.zip,,,,,
sens_dqn_gamma_0p98_seed_123,DQN,gamma,0.98,123,50000,0.0001,0.98,0.2,0.01,100000.0,1000.0,128,1000.0,4.0,1.0,"[128, 128]",-68.71677820999251,23.64822830779487,0.0,0.09,996.175,610.095,0.8380668844282627,0.02867166507614645,0.10194511839892854,C:\Users\marta\OneDrive\Desktop\python\lunar_lander\models\sens_dqn_gamma_0p98_seed_123.zip,,,,,
sens_dqn_gamma_0p99_seed_42,DQN,gamma,0.99,42,50000,0.0001,0.99,0.2,0.01,100000.0,1000.0,128,1000.0,4.0,1.0,"[128, 128]",132.92559712750594,108.72057221161874,0.3,0.065,707.685,428.685,0.218212832287536,0.05415690556567485,0.15570595299350556,C:\Users\marta\OneDrive\Desktop\python\lunar_lander\models\sens_dqn_gamma_0p99_seed_42.zip,,,,,
sens_dqn_gamma_0p99_seed_123,DQN,gamma,0.99,123,50000,0.0001,0.99,0.2,0.01,100000.0,1000.0,128,1000.0,4.0,1.0,"[128, 128]",-127.47673343395113,66.42180421405801,0.0,0.54,756.08,493.835,0.9651117417216301,0.026909036751288484,0.2699083677318963,C:\Users\marta\OneDrive\Desktop\python\lunar_lander\models\sens_dqn_gamma_0p99_seed_123.zip,,,,,
sens_dqn_gamma_0p995_seed_42,DQN,gamma,0.995,42,50000,0.0001,0.995,0.2,0.01,100000.0,1000.0,128,1000.0,4.0,1.0,"[128, 128]",47.4680987052879,98.91400815438634,0.125,0.015,736.27,500.26,0.22640569316921755,0.09378085859721157,0.24670747036357646,C:\Users\marta\OneDrive\Desktop\python\lunar_lander\models\sens_dqn_gamma_0p995_seed_42.zip,,,,,
sens_dqn_gamma_0p995_seed_123,DQN,gamma,0.995,123,50000,0.0001,0.995,0.2,0.01,100000.0,1000.0,128,1000.0,4.0,1.0,"[128, 128]",27.8506959254648,111.83471811182068,0.16,0.005,719.115,523.395,0.38393836602568626,0.06114643082507553,0.2360679423172264,C:\Users\marta\OneDrive\Desktop\python\lunar_lander\models\sens_dqn_gamma_0p995_seed_123.zip,,,,,
sens_dqn_exploration_final_eps_0p005_seed_42,DQN,exploration_final_eps,0.005,42,50000,0.0001,0.99,0.2,0.005,100000.0,1000.0,128,1000.0,4.0,1.0,"[128, 128]",-49.599776907531904,60.13710682488819,0.0,0.15,972.56,639.77,0.5452676255092956,0.05714335558357073,0.16298231901878577,C:\Users\marta\OneDrive\Desktop\python\lunar_lander\models\sens_dqn_exploration_final_eps_0p005_seed_42.zip,,,,,
sens_dqn_exploration_final_eps_0p005_seed_123,DQN,exploration_final_eps,0.005,123,50000,0.0001,0.99,0.2,0.005,100000.0,1000.0,128,1000.0,4.0,1.0,"[128, 128]",-79.90560991276422,90.77749545774022,0.0,0.575,570.79,456.925,0.8653814404457808,0.03896945388131535,0.3430825297983337,C:\Users\marta\OneDrive\Desktop\python\lunar_lander\models\sens_dqn_exploration_final_eps_0p005_seed_123.zip,,,,,
sens_dqn_exploration_final_eps_0p01_seed_42,DQN,exploration_final_eps,0.01,42,50000,0.0001,0.99,0.2,0.01,100000.0,1000.0,128,1000.0,4.0,1.0,"[128, 128]",132.92559712750594,108.72057221161874,0.3,0.065,707.685,428.685,0.218212832287536,0.05415690556567485,0.15570595299350556,C:\Users\marta\OneDrive\Desktop\python\lunar_lander\models\sens_dqn_exploration_final_eps_0p01_seed_42.zip,,,,,
sens_dqn_exploration_final_eps_0p01_seed_123,DQN,exploration_final_eps,0.01,123,50000,0.0001,0.99,0.2,0.01,100000.0,1000.0,128,1000.0,4.0,1.0,"[128, 128]",-127.47673343395113,66.42180421405801,0.0,0.54,756.08,493.835,0.9651117417216301,0.026909036751288484,0.2699083677318963,C:\Users\marta\OneDrive\Desktop\python\lunar_lander\models\sens_dqn_exploration_final_eps_0p01_seed_123.zip,,,,,
sens_dqn_exploration_final_eps_0p02_seed_42,DQN,exploration_final_eps,0.02,42,50000,0.0001,0.99,0.2,0.02,100000.0,1000.0,128,1000.0,4.0,1.0,"[128, 128]",16.834065468337844,120.32260018768632,0.15,0.07,503.075,323.18,0.2996667556284228,0.06902793253912588,0.30255369608072047,C:\Users\marta\OneDrive\Desktop\python\lunar_lander\models\sens_dqn_exploration_final_eps_0p02_seed_42.zip,,,,,
sens_dqn_exploration_final_eps_0p02_seed_123,DQN,exploration_final_eps,0.02,123,50000,0.0001,0.99,0.2,0.02,100000.0,1000.0,128,1000.0,4.0,1.0,"[128, 128]",-13.841833049046036,41.44806039502096,0.005,0.01,989.845,605.885,0.3298184406198561,0.03638042019913403,0.13093475146050962,C:\Users\marta\OneDrive\Desktop\python\lunar_lander\models\sens_dqn_exploration_final_eps_0p02_seed_123.zip,,,,,
sens_dqn_batch_size_64_seed_42,DQN,batch_size,64,42,50000,0.0001,0.99,0.2,0.01,100000.0,1000.0,64,1000.0,4.0,1.0,"[128, 128]",12.248057241839684,82.58094211381123,0.045,0.02,724.555,671.715,0.26773131859954447,0.05610906898933038,0.22982668144264523,C:\Users\marta\OneDrive\Desktop\python\lunar_lander\models\sens_dqn_batch_size_64_seed_42.zip,,,,,
sens_dqn_batch_size_64_seed_123,DQN,batch_size,64,123,50000,0.0001,0.99,0.2,0.01,100000.0,1000.0,64,1000.0,4.0,1.0,"[128, 128]",-29.897083330337047,74.96716113750138,0.005,0.1,918.965,594.85,0.5337863318622112,0.04387244421406068,0.14239736298767205,C:\Users\marta\OneDrive\Desktop\python\lunar_lander\models\sens_dqn_batch_size_64_seed_123.zip,,,,,
sens_dqn_batch_size_128_seed_42,DQN,batch_size,128,42,50000,0.0001,0.99,0.2,0.01,100000.0,1000.0,128,1000.0,4.0,1.0,"[128, 128]",132.92559712750594,108.72057221161874,0.3,0.065,707.685,428.685,0.218212832287536,0.05415690556567485,0.15570595299350556,C:\Users\marta\OneDrive\Desktop\python\lunar_lander\models\sens_dqn_batch_size_128_seed_42.zip,,,,,
sens_dqn_batch_size_128_seed_123,DQN,batch_size,128,123,50000,0.0001,0.99,0.2,0.01,100000.0,1000.0,128,1000.0,4.0,1.0,"[128, 128]",-127.47673343395113,66.42180421405801,0.0,0.54,756.08,493.835,0.9651117417216301,0.026909036751288484,0.2699083677318963,C:\Users\marta\OneDrive\Desktop\python\lunar_lander\models\sens_dqn_batch_size_128_seed_123.zip,,,,,
sens_dqn_batch_size_256_seed_42,DQN,batch_size,256,42,50000,0.0001,0.99,0.2,0.01,100000.0,1000.0,256,1000.0,4.0,1.0,"[128, 128]",149.16350317440427,109.36981027418591,0.4,0.0,507.895,302.805,0.14996110989741282,0.08567183920100241,0.28191792748963096,C:\Users\marta\OneDrive\Desktop\python\lunar_lander\models\sens_dqn_batch_size_256_seed_42.zip,,,,,
sens_dqn_batch_size_256_seed_123,DQN,batch_size,256,123,50000,0.0001,0.99,0.2,0.01,100000.0,1000.0,256,1000.0,4.0,1.0,"[128, 128]",85.62435033475856,115.8250749572599,0.11,0.075,721.075,466.12,0.30094046371174044,0.09020911583574964,0.28079316870551546,C:\Users\marta\OneDrive\Desktop\python\lunar_lander\models\sens_dqn_batch_size_256_seed_123.zip,,,,,
sens_dqn_buffer_size_50000_seed_42,DQN,buffer_size,50000,42,50000,0.0001,0.99,0.2,0.01,50000.0,1000.0,128,1000.0,4.0,1.0,"[128, 128]",132.92559712750594,108.72057221161874,0.3,0.065,707.685,428.685,0.218212832287536,0.05415690556567485,0.15570595299350556,C:\Users\marta\OneDrive\Desktop\python\lunar_lander\models\sens_dqn_buffer_size_50000_seed_42.zip,,,,,
sens_dqn_buffer_size_50000_seed_123,DQN,buffer_size,50000,123,50000,0.0001,0.99,0.2,0.01,50000.0,1000.0,128,1000.0,4.0,1.0,"[128, 128]",-127.47673343395113,66.42180421405801,0.0,0.54,756.08,493.835,0.9651117417216301,0.026909036751288484,0.2699083677318963,C:\Users\marta\OneDrive\Desktop\python\lunar_lander\models\sens_dqn_buffer_size_50000_seed_123.zip,,,,,
sens_dqn_buffer_size_100000_seed_42,DQN,buffer_size,100000,42,50000,0.0001,0.99,0.2,0.01,100000.0,1000.0,128,1000.0,4.0,1.0,"[128, 128]",132.92559712750594,108.72057221161874,0.3,0.065,707.685,428.685,0.218212832287536,0.05415690556567485,0.15570595299350556,C:\Users\marta\OneDrive\Desktop\python\lunar_lander\models\sens_dqn_buffer_size_100000_seed_42.zip,,,,,
sens_dqn_buffer_size_100000_seed_123,DQN,buffer_size,100000,123,50000,0.0001,0.99,0.2,0.01,100000.0,1000.0,128,1000.0,4.0,1.0,"[128, 128]",-127.47673343395113,66.42180421405801,0.0,0.54,756.08,493.835,0.9651117417216301,0.026909036751288484,0.2699083677318963,C:\Users\marta\OneDrive\Desktop\python\lunar_lander\models\sens_dqn_buffer_size_100000_seed_123.zip,,,,,
sens_dqn_buffer_size_200000_seed_42,DQN,buffer_size,200000,42,50000,0.0001,0.99,0.2,0.01,200000.0,1000.0,128,1000.0,4.0,1.0,"[128, 128]",132.92559712750594,108.72057221161874,0.3,0.065,707.685,428.685,0.218212832287536,0.05415690556567485,0.15570595299350556,C:\Users\marta\OneDrive\Desktop\python\lunar_lander\models\sens_dqn_buffer_size_200000_seed_42.zip,,,,,
sens_dqn_buffer_size_200000_seed_123,DQN,buffer_size,200000,123,50000,0.0001,0.99,0.2,0.01,200000.0,1000.0,128,1000.0,4.0,1.0,"[128, 128]",-127.47673343395113,66.42180421405801,0.0,0.54,756.08,493.835,0.9651117417216301,0.026909036751288484,0.2699083677318963,C:\Users\marta\OneDrive\Desktop\python\lunar_lander\models\sens_dqn_buffer_size_200000_seed_123.zip,,,,,
sens_dqn_target_update_interval_500_seed_42,DQN,target_update_interval,500,42,50000,0.0001,0.99,0.2,0.01,100000.0,1000.0,128,500.0,4.0,1.0,"[128, 128]",-18.51507579975568,86.96480462719553,0.025,0.19,908.81,583.32,0.4921332761342637,0.07814019124754008,0.1734880900307617,C:\Users\marta\OneDrive\Desktop\python\lunar_lander\models\sens_dqn_target_update_interval_500_seed_42.zip,,,,,
sens_dqn_target_update_interval_500_seed_123,DQN,target_update_interval,500,123,50000,0.0001,0.99,0.2,0.01,100000.0,1000.0,128,500.0,4.0,1.0,"[128, 128]",41.22697908972572,105.10072752761836,0.195,0.0,208.365,142.275,0.2791691788099706,0.06602961194597073,0.5331028940119766,C:\Users\marta\OneDrive\Desktop\python\lunar_lander\models\sens_dqn_target_update_interval_500_seed_123.zip,,,,,
sens_dqn_target_update_interval_1000_seed_42,DQN,target_update_interval,1000,42,50000,0.0001,0.99,0.2,0.01,100000.0,1000.0,128,1000.0,4.0,1.0,"[128, 128]",132.92559712750594,108.72057221161874,0.3,0.065,707.685,428.685,0.218212832287536,0.05415690556567485,0.15570595299350556,C:\Users\marta\OneDrive\Desktop\python\lunar_lander\models\sens_dqn_target_update_interval_1000_seed_42.zip,,,,,
sens_dqn_target_update_interval_1000_seed_123,DQN,target_update_interval,1000,123,50000,0.0001,0.99,0.2,0.01,100000.0,1000.0,128,1000.0,4.0,1.0,"[128, 128]",-127.47673343395113,66.42180421405801,0.0,0.54,756.08,493.835,0.9651117417216301,0.026909036751288484,0.2699083677318963,C:\Users\marta\OneDrive\Desktop\python\lunar_lander\models\sens_dqn_target_update_interval_1000_seed_123.zip,,,,,
sens_dqn_target_update_interval_2000_seed_42,DQN,target_update_interval,2000,42,50000,0.0001,0.99,0.2,0.01,100000.0,1000.0,128,2000.0,4.0,1.0,"[128, 128]",-82.33761545482015,35.72581622703761,0.0,0.36,1000.0,623.285,0.9627900265157223,0.04942366036454064,0.08129408964498565,C:\Users\marta\OneDrive\Desktop\python\lunar_lander\models\sens_dqn_target_update_interval_2000_seed_42.zip,,,,,
sens_dqn_target_update_interval_2000_seed_123,DQN,target_update_interval,2000,123,50000,0.0001,0.99,0.2,0.01,100000.0,1000.0,128,2000.0,4.0,1.0,"[128, 128]",-174.96133364407112,41.58247607294314,0.0,1.0,893.025,540.565,1.5046022373437882,0.04225746852124172,0.10832428940795044,C:\Users\marta\OneDrive\Desktop\python\lunar_lander\models\sens_dqn_target_update_interval_2000_seed_123.zip,,,,,
sens_dqn_net_arch_64x64_seed_42,DQN,net_arch,"[64, 64]",42,50000,0.0001,0.99,0.2,0.01,100000.0,1000.0,128,1000.0,4.0,1.0,"[64, 64]",-98.2902779248013,97.93910801522858,0.0,0.565,934.44,660.465,0.7347763266041875,0.0427580493338892,0.13362448343608105,C:\Users\marta\OneDrive\Desktop\python\lunar_lander\models\sens_dqn_net_arch_64x64_seed_42.zip,,,,,
sens_dqn_net_arch_64x64_seed_123,DQN,net_arch,"[64, 64]",123,50000,0.0001,0.99,0.2,0.01,100000.0,1000.0,128,1000.0,4.0,1.0,"[64, 64]",-58.22371885240811,37.19394057306327,0.0,0.04,997.34,990.54,0.5759201778098941,0.037587460844506204,0.0857672437912323,C:\Users\marta\OneDrive\Desktop\python\lunar_lander\models\sens_dqn_net_arch_64x64_seed_123.zip,,,,,
sens_dqn_net_arch_128x128_seed_42,DQN,net_arch,"[128, 128]",42,50000,0.0001,0.99,0.2,0.01,100000.0,1000.0,128,1000.0,4.0,1.0,"[128, 128]",132.92559712750594,108.72057221161874,0.3,0.065,707.685,428.685,0.218212832287536,0.05415690556567485,0.15570595299350556,C:\Users\marta\OneDrive\Desktop\python\lunar_lander\models\sens_dqn_net_arch_128x128_seed_42.zip,,,,,
sens_dqn_net_arch_128x128_seed_123,DQN,net_arch,"[128, 128]",123,50000,0.0001,0.99,0.2,0.01,100000.0,1000.0,128,1000.0,4.0,1.0,"[128, 128]",-127.47673343395113,66.42180421405801,0.0,0.54,756.08,493.835,0.9651117417216301,0.026909036751288484,0.2699083677318963,C:\Users\marta\OneDrive\Desktop\python\lunar_lander\models\sens_dqn_net_arch_128x128_seed_123.zip,,,,,
sens_dqn_net_arch_256x256_seed_42,DQN,net_arch,"[256, 256]",42,50000,0.0001,0.99,0.2,0.01,100000.0,1000.0,128,1000.0,4.0,1.0,"[256, 256]",164.20597935081292,105.74913504396693,0.54,0.0,440.39,263.05,0.1756214565038681,0.09649744074015092,0.307670964490646,C:\Users\marta\OneDrive\Desktop\python\lunar_lander\models\sens_dqn_net_arch_256x256_seed_42.zip,,,,,
sens_dqn_net_arch_256x256_seed_123,DQN,net_arch,"[256, 256]",123,50000,0.0001,0.99,0.2,0.01,100000.0,1000.0,128,1000.0,4.0,1.0,"[256, 256]",0.6635553797858796,67.04500805367275,0.025,0.015,931.465,876.33,0.23836145943030715,0.07733223489134136,0.2024799951339491,C:\Users\marta\OneDrive\Desktop\python\lunar_lander\models\sens_dqn_net_arch_256x256_seed_123.zip,,,,,
sens_ppo_learning_rate_0p0005_seed_42,PPO,learning_rate,0.0005,42,50000,0.0005,0.999,,,,,64,,,,"[128, 128]",-13.280829945154675,132.50743487638442,0.02,0.36,518.72,472.975,0.7581381627789233,0.05792587866890288,0.23010026022724975,C:\Users\marta\OneDrive\Desktop\python\lunar_lander\models\sens_ppo_learning_rate_0p0005_seed_42.zip,1024.0,10.0,0.2,0.01,0.95
sens_ppo_learning_rate_0p0005_seed_123,PPO,learning_rate,0.0005,123,50000,0.0005,0.999,,,,,64,,,,"[128, 128]",229.47991455011356,71.99677587878345,0.89,0.0,332.955,207.835,0.11687249863462057,0.07271264621230258,0.2459455939665336,C:\Users\marta\OneDrive\Desktop\python\lunar_lander\models\sens_ppo_learning_rate_0p0005_seed_123.zip,1024.0,10.0,0.2,0.01,0.95
sens_ppo_learning_rate_0p001_seed_42,PPO,learning_rate,0.001,42,50000,0.001,0.999,,,,,64,,,,"[128, 128]",88.42179803040686,99.1929503070969,0.25,0.0,396.755,350.315,0.20052549132145941,0.13874472656382497,0.3755880648389885,C:\Users\marta\OneDrive\Desktop\python\lunar_lander\models\sens_ppo_learning_rate_0p001_seed_42.zip,1024.0,10.0,0.2,0.01,0.95
sens_ppo_learning_rate_0p001_seed_123,PPO,learning_rate,0.001,123,50000,0.001,0.999,,,,,64,,,,"[128, 128]",16.615001142636903,121.73182885500408,0.16,0.01,865.37,744.725,0.4443022403307259,0.04666498319009563,0.12200501720438456,C:\Users\marta\OneDrive\Desktop\python\lunar_lander\models\sens_ppo_learning_rate_0p001_seed_123.zip,1024.0,10.0,0.2,0.01,0.95
sens_ppo_learning_rate_0p0015_seed_42,PPO,learning_rate,0.0015,42,50000,0.0015,0.999,,,,,64,,,,"[128, 128]",5.293021890627374,117.60588224946748,0.06,0.135,419.365,303.775,0.4727194477058947,0.09227961951921629,0.2926958315796593,C:\Users\marta\OneDrive\Desktop\python\lunar_lander\models\sens_ppo_learning_rate_0p0015_seed_42.zip,1024.0,10.0,0.2,0.01,0.95
sens_ppo_learning_rate_0p0015_seed_123,PPO,learning_rate,0.0015,123,50000,0.0015,0.999,,,,,64,,,,"[128, 128]",153.8994837807068,120.40442968801464,0.5,0.055,488.61,305.375,0.33002999492484375,0.08753899123206611,0.2465297181478266,C:\Users\marta\OneDrive\Desktop\python\lunar_lander\models\sens_ppo_learning_rate_0p0015_seed_123.zip,1024.0,10.0,0.2,0.01,0.95
sens_ppo_gamma_0p99_seed_42,PPO,gamma,0.99,42,50000,0.0003,0.99,,,,,64,,,,"[128, 128]",-269.59167550101347,110.53002919021058,0.0,0.97,535.705,535.705,2.3169822776317597,0.03932127512965243,0.2570667858970073,C:\Users\marta\OneDrive\Desktop\python\lunar_lander\models\sens_ppo_gamma_0p99_seed_42.zip,1024.0,10.0,0.2,0.01,0.95
sens_ppo_gamma_0p99_seed_123,PPO,gamma,0.99,123,50000,0.0003,0.99,,,,,64,,,,"[128, 128]",-372.6052597819873,179.03104543997642,0.0,1.0,522.505,519.98,3.4097190248966216,0.03796980615817149,0.346110394058891,C:\Users\marta\OneDrive\Desktop\python\lunar_lander\models\sens_ppo_gamma_0p99_seed_123.zip,1024.0,10.0,0.2,0.01,0.95
sens_ppo_gamma_0p999_seed_42,PPO,gamma,0.999,42,50000,0.0003,0.999,,,,,64,,,,"[128, 128]",-139.38963125257837,50.766583459689194,0.0,0.77,541.14,508.605,1.1201711897552014,0.03540899202568705,0.24168184147649832,C:\Users\marta\OneDrive\Desktop\python\lunar_lander\models\sens_ppo_gamma_0p999_seed_42.zip,1024.0,10.0,0.2,0.01,0.95
sens_ppo_gamma_0p999_seed_123,PPO,gamma,0.999,123,50000,0.0003,0.999,,,,,64,,,,"[128, 128]",-38.971745591640754,99.25156682338915,0.0,0.28,954.96,952.61,0.5081287342682481,0.03607776650391613,0.1338595044265376,C:\Users\marta\OneDrive\Desktop\python\lunar_lander\models\sens_ppo_gamma_0p999_seed_123.zip,1024.0,10.0,0.2,0.01,0.95
sens_ppo_gamma_0p9995_seed_42,PPO,gamma,0.9995,42,50000,0.0003,0.9995,,,,,64,,,,"[128, 128]",-49.40580618404942,124.38320286535757,0.065,0.44,889.15,869.02,0.8003241943288595,0.03321206702424354,0.13584497469904977,C:\Users\marta\OneDrive\Desktop\python\lunar_lander\models\sens_ppo_gamma_0p9995_seed_42.zip,1024.0,10.0,0.2,0.01,0.95
sens_ppo_gamma_0p9995_seed_123,PPO,gamma,0.9995,123,50000,0.0003,0.9995,,,,,64,,,,"[128, 128]",-456.02400086500217,45.310983013428306,0.0,1.0,558.42,558.42,4.063202596902848,0.03820364802366742,0.3176380641973528,C:\Users\marta\OneDrive\Desktop\python\lunar_lander\models\sens_ppo_gamma_0p9995_seed_123.zip,1024.0,10.0,0.2,0.01,0.95
sens_ppo_clip_range_0p2_seed_42,PPO,clip_range,0.2,42,50000,0.0003,0.999,,,,,64,,,,"[128, 128]",-139.38963125257837,50.766583459689194,0.0,0.77,541.14,508.605,1.1201711897552014,0.03540899202568705,0.24168184147649832,C:\Users\marta\OneDrive\Desktop\python\lunar_lander\models\sens_ppo_clip_range_0p2_seed_42.zip,1024.0,10.0,0.2,0.01,0.95
sens_ppo_clip_range_0p2_seed_123,PPO,clip_range,0.2,123,50000,0.0003,0.999,,,,,64,,,,"[128, 128]",-38.971745591640754,99.25156682338915,0.0,0.28,954.96,952.61,0.5081287342682481,0.03607776650391613,0.1338595044265376,C:\Users\marta\OneDrive\Desktop\python\lunar_lander\models\sens_ppo_clip_range_0p2_seed_123.zip,1024.0,10.0,0.2,0.01,0.95
sens_ppo_clip_range_0p3_seed_42,PPO,clip_range,0.3,42,50000,0.0003,0.999,,,,,64,,,,"[128, 128]",185.02280887341257,82.8808022374541,0.695,0.0,491.54,346.86,0.17884688414342237,0.06313906135138916,0.19350072438637989,C:\Users\marta\OneDrive\Desktop\python\lunar_lander\models\sens_ppo_clip_range_0p3_seed_42.zip,1024.0,10.0,0.3,0.01,0.95
sens_ppo_clip_range_0p3_seed_123,PPO,clip_range,0.3,123,50000,0.0003,0.999,,,,,64,,,,"[128, 128]",-25.07185874492676,131.0992975955803,0.03,0.345,550.745,543.93,0.7700248325616121,0.06081048109275546,0.2215074985562504,C:\Users\marta\OneDrive\Desktop\python\lunar_lander\models\sens_ppo_clip_range_0p3_seed_123.zip,1024.0,10.0,0.3,0.01,0.95
sens_ppo_clip_range_0p4_seed_42,PPO,clip_range,0.4,42,50000,0.0003,0.999,,,,,64,,,,"[128, 128]",-128.65966372826145,52.173905820650866,0.0,0.665,893.45,893.39,1.147566403746605,0.029993577269549175,0.11472104564855533,C:\Users\marta\OneDrive\Desktop\python\lunar_lander\models\sens_ppo_clip_range_0p4_seed_42.zip,1024.0,10.0,0.4,0.01,0.95
sens_ppo_clip_range_0p4_seed_123,PPO,clip_range,0.4,123,50000,0.0003,0.999,,,,,64,,,,"[128, 128]",47.74593332645512,87.67401905825281,0.015,0.025,908.69,873.04,0.17050795907154678,0.03491220559352662,0.10615257084910468,C:\Users\marta\OneDrive\Desktop\python\lunar_lander\models\sens_ppo_clip_range_0p4_seed_123.zip,1024.0,10.0,0.4,0.01,0.95
sens_ppo_ent_coef_0p001_seed_42,PPO,ent_coef,0.001,42,50000,0.0003,0.999,,,,,64,,,,"[128, 128]",-112.75237049622474,63.962359817092924,0.0,0.555,844.925,844.68,0.9836260797083378,0.027148710238019805,0.14279634557001866,C:\Users\marta\OneDrive\Desktop\python\lunar_lander\models\sens_ppo_ent_coef_0p001_seed_42.zip,1024.0,10.0,0.2,0.001,0.95
sens_ppo_ent_coef_0p001_seed_123,PPO,ent_coef,0.001,123,50000,0.0003,0.999,,,,,64,,,,"[128, 128]",-204.33643762061322,65.1984945569754,0.0,0.97,557.96,557.96,1.7791049927473068,0.03210747845755263,0.22041759714210651,C:\Users\marta\OneDrive\Desktop\python\lunar_lander\models\sens_ppo_ent_coef_0p001_seed_123.zip,1024.0,10.0,0.2,0.001,0.95
sens_ppo_ent_coef_0p01_seed_42,PPO,ent_coef,0.01,42,50000,0.0003,0.999,,,,,64,,,,"[128, 128]",-139.38963125257837,50.766583459689194,0.0,0.77,541.14,508.605,1.1201711897552014,0.03540899202568705,0.24168184147649832,C:\Users\marta\OneDrive\Desktop\python\lunar_lander\models\sens_ppo_ent_coef_0p01_seed_42.zip,1024.0,10.0,0.2,0.01,0.95
sens_ppo_ent_coef_0p01_seed_123,PPO,ent_coef,0.01,123,50000,0.0003,0.999,,,,,64,,,,"[128, 128]",-38.971745591640754,99.25156682338915,0.0,0.28,954.96,952.61,0.5081287342682481,0.03607776650391613,0.1338595044265376,C:\Users\marta\OneDrive\Desktop\python\lunar_lander\models\sens_ppo_ent_coef_0p01_seed_123.zip,1024.0,10.0,0.2,0.01,0.95
sens_ppo_ent_coef_0p02_seed_42,PPO,ent_coef,0.02,42,50000,0.0003,0.999,,,,,64,,,,"[128, 128]",-137.98148652206004,177.44288754963202,0.06,0.63,734.775,667.855,1.4069101034384222,0.04018285702903088,0.1565882517006494,C:\Users\marta\OneDrive\Desktop\python\lunar_lander\models\sens_ppo_ent_coef_0p02_seed_42.zip,1024.0,10.0,0.2,0.02,0.95
sens_ppo_ent_coef_0p02_seed_123,PPO,ent_coef,0.02,123,50000,0.0003,0.999,,,,,64,,,,"[128, 128]",-121.86609495040764,54.108890854146175,0.0,0.56,836.46,828.365,0.9820148821175099,0.030875954259445112,0.14098195555615273,C:\Users\marta\OneDrive\Desktop\python\lunar_lander\models\sens_ppo_ent_coef_0p02_seed_123.zip,1024.0,10.0,0.2,0.02,0.95
sens_ppo_n_steps_1024_seed_42,PPO,n_steps,1024,42,50000,0.0003,0.999,,,,,64,,,,"[128, 128]",-139.38963125257837,50.766583459689194,0.0,0.77,541.14,508.605,1.1201711897552014,0.03540899202568705,0.24168184147649832,C:\Users\marta\OneDrive\Desktop\python\lunar_lander\models\sens_ppo_n_steps_1024_seed_42.zip,1024.0,10.0,0.2,0.01,0.95
sens_ppo_n_steps_1024_seed_123,PPO,n_steps,1024,123,50000,0.0003,0.999,,,,,64,,,,"[128, 128]",-38.971745591640754,99.25156682338915,0.0,0.28,954.96,952.61,0.5081287342682481,0.03607776650391613,0.1338595044265376,C:\Users\marta\OneDrive\Desktop\python\lunar_lander\models\sens_ppo_n_steps_1024_seed_123.zip,1024.0,10.0,0.2,0.01,0.95
sens_ppo_n_steps_2048_seed_42,PPO,n_steps,2048,42,50000,0.0003,0.999,,,,,64,,,,"[128, 128]",-173.38756685998925,64.98950616087114,0.0,0.89,685.395,685.235,1.2251600831747056,0.03879588344915732,0.22181908087607538,C:\Users\marta\OneDrive\Desktop\python\lunar_lander\models\sens_ppo_n_steps_2048_seed_42.zip,2048.0,10.0,0.2,0.01,0.95
sens_ppo_n_steps_2048_seed_123,PPO,n_steps,2048,123,50000,0.0003,0.999,,,,,64,,,,"[128, 128]",-7.330019305936628,123.15059351767214,0.085,0.2,311.625,291.91,0.7212211275286973,0.06155846517791466,0.3903153170517649,C:\Users\marta\OneDrive\Desktop\python\lunar_lander\models\sens_ppo_n_steps_2048_seed_123.zip,2048.0,10.0,0.2,0.01,0.95
sens_ppo_n_steps_4096_seed_42,PPO,n_steps,4096,42,50000,0.0003,0.999,,,,,64,,,,"[128, 128]",-141.5595084520522,54.034246537271,0.0,0.765,533.735,504.78,1.0389265403151513,0.038875037172095936,0.28287094442906513,C:\Users\marta\OneDrive\Desktop\python\lunar_lander\models\sens_ppo_n_steps_4096_seed_42.zip,4096.0,10.0,0.2,0.01,0.95
sens_ppo_n_steps_4096_seed_123,PPO,n_steps,4096,123,50000,0.0003,0.999,,,,,64,,,,"[128, 128]",-121.25876914883776,86.39143075656101,0.005,0.64,333.415,330.205,1.0455932050943375,0.06117696310987368,0.35572896454872305,C:\Users\marta\OneDrive\Desktop\python\lunar_lander\models\sens_ppo_n_steps_4096_seed_123.zip,4096.0,10.0,0.2,0.01,0.95
sens_ppo_batch_size_32_seed_42,PPO,batch_size,32,42,50000,0.0003,0.999,,,,,32,,,,"[128, 128]",148.64250604426965,111.28944500115202,0.51,0.005,362.21,282.795,0.3861924058222212,0.07712623933390121,0.26238263875755674,C:\Users\marta\OneDrive\Desktop\python\lunar_lander\models\sens_ppo_batch_size_32_seed_42.zip,1024.0,10.0,0.2,0.01,0.95
sens_ppo_batch_size_32_seed_123,PPO,batch_size,32,123,50000,0.0003,0.999,,,,,32,,,,"[128, 128]",155.71970704974748,112.50793972962232,0.555,0.015,370.285,305.15,0.2874843164969934,0.08927717222806507,0.2613607756064998,C:\Users\marta\OneDrive\Desktop\python\lunar_lander\models\sens_ppo_batch_size_32_seed_123.zip,1024.0,10.0,0.2,0.01,0.95
sens_ppo_batch_size_64_seed_42,PPO,batch_size,64,42,50000,0.0003,0.999,,,,,64,,,,"[128, 128]",-139.38963125257837,50.766583459689194,0.0,0.77,541.14,508.605,1.1201711897552014,0.03540899202568705,0.24168184147649832,C:\Users\marta\OneDrive\Desktop\python\lunar_lander\models\sens_ppo_batch_size_64_seed_42.zip,1024.0,10.0,0.2,0.01,0.95
sens_ppo_batch_size_64_seed_123,PPO,batch_size,64,123,50000,0.0003,0.999,,,,,64,,,,"[128, 128]",-38.971745591640754,99.25156682338915,0.0,0.28,954.96,952.61,0.5081287342682481,0.03607776650391613,0.1338595044265376,C:\Users\marta\OneDrive\Desktop\python\lunar_lander\models\sens_ppo_batch_size_64_seed_123.zip,1024.0,10.0,0.2,0.01,0.95
sens_ppo_batch_size_128_seed_42,PPO,batch_size,128,42,50000,0.0003,0.999,,,,,128,,,,"[128, 128]",-370.49838333881206,75.72570267461661,0.0,1.0,641.275,640.97,3.223589286804199,0.03142919736216471,0.2379294800565836,C:\Users\marta\OneDrive\Desktop\python\lunar_lander\models\sens_ppo_batch_size_128_seed_42.zip,1024.0,10.0,0.2,0.01,0.95
sens_ppo_batch_size_128_seed_123,PPO,batch_size,128,123,50000,0.0003,0.999,,,,,128,,,,"[128, 128]",-178.4863662984327,138.8519288513695,0.0,0.725,966.25,959.25,1.8780328992009163,0.030906485844335023,0.12449579620903449,C:\Users\marta\OneDrive\Desktop\python\lunar_lander\models\sens_ppo_batch_size_128_seed_123.zip,1024.0,10.0,0.2,0.01,0.95
sens_ppo_net_arch_128x128_seed_42,PPO,net_arch,"[128, 128]",42,50000,0.0003,0.999,,,,,64,,,,"[128, 128]",-139.38963125257837,50.766583459689194,0.0,0.77,541.14,508.605,1.1201711897552014,0.03540899202568705,0.24168184147649832,C:\Users\marta\OneDrive\Desktop\python\lunar_lander\models\sens_ppo_net_arch_128x128_seed_42.zip,1024.0,10.0,0.2,0.01,0.95
sens_ppo_net_arch_128x128_seed_123,PPO,net_arch,"[128, 128]",123,50000,0.0003,0.999,,,,,64,,,,"[128, 128]",-38.971745591640754,99.25156682338915,0.0,0.28,954.96,952.61,0.5081287342682481,0.03607776650391613,0.1338595044265376,C:\Users\marta\OneDrive\Desktop\python\lunar_lander\models\sens_ppo_net_arch_128x128_seed_123.zip,1024.0,10.0,0.2,0.01,0.95
sens_ppo_net_arch_256x256_seed_42,PPO,net_arch,"[256, 256]",42,50000,0.0003,0.999,,,,,64,,,,"[256, 256]",176.90601461868792,99.46174037390527,0.645,0.01,416.415,347.265,0.23466696643736212,0.07033016281280917,0.21946020289385743,C:\Users\marta\OneDrive\Desktop\python\lunar_lander\models\sens_ppo_net_arch_256x256_seed_42.zip,1024.0,10.0,0.2,0.01,0.95
sens_ppo_net_arch_256x256_seed_123,PPO,net_arch,"[256, 256]",123,50000,0.0003,0.999,,,,,64,,,,"[256, 256]",-138.73653713812294,71.81841585242555,0.005,0.92,310.085,298.06,1.2015827647503465,0.05640555809709236,0.45174801487217114,C:\Users\marta\OneDrive\Desktop\python\lunar_lander\models\sens_ppo_net_arch_256x256_seed_123.zip,1024.0,10.0,0.2,0.01,0.95
sens_ppo_net_arch_512x512_seed_42,PPO,net_arch,"[512, 512]",42,50000,0.0003,0.999,,,,,64,,,,"[512, 512]",109.61078026689209,115.9279706544106,0.22,0.01,550.33,459.82,0.297100598057732,0.06672311776449591,0.20361940880055585,C:\Users\marta\OneDrive\Desktop\python\lunar_lander\models\sens_ppo_net_arch_512x512_seed_42.zip,1024.0,10.0,0.2,0.01,0.95
sens_ppo_net_arch_512x512_seed_123,PPO,net_arch,"[512, 512]",123,50000,0.0003,0.999,,,,,64,,,,"[512, 512]",13.939167763247795,127.53958515813542,0.11,0.135,384.115,331.58,0.6461864606291056,0.060524667098648524,0.33547166264406536,C:\Users\marta\OneDrive\Desktop\python\lunar_lander\models\sens_ppo_net_arch_512x512_seed_123.zip,1024.0,10.0,0.2,0.01,0.95
